{
	"IcoMoonType": "selection",
	"icons": [
		{
			"icon": {
				"paths": [
					"M1024 590.444l-512-397.426-512 397.428v-162.038l512-397.426 512 397.428zM896 576v384h-256v-256h-256v256h-256v-384l384-288z"
				],
				"attrs": [],
				"isMulticolor": false,
				"tags": [
					"home",
					"house"
				],
				"grid": 16
			},
			"attrs": [],
			"properties": {
				"order": 55,
				"prevSize": 16,
				"ligatures": "home, house",
				"name": "home",
				"id": 1,
				"code": 59648
			},
			"setIdx": 0,
			"setId": 0,
			"iconIdx": 0
		},
		{
			"icon": {
				"paths": [
					"M512 32l-512 512 96 96 96-96v416h256v-192h128v192h256v-416l96 96 96-96-512-512zM512 448c-35.346 0-64-28.654-64-64s28.654-64 64-64c35.346 0 64 28.654 64 64s-28.654 64-64 64z"
				],
				"attrs": [],
				"isMulticolor": false,
				"tags": [
					"home",
					"house"
				],
				"grid": 16
			},
			"attrs": [],
			"properties": {
				"order": 59,
				"prevSize": 16,
				"ligatures": "home2, house2",
				"name": "home2",
				"id": 2,
				"code": 59649
			},
			"setIdx": 0,
			"setId": 0,
			"iconIdx": 1
		},
		{
			"icon": {
				"paths": [
					"M1024 608l-192-192v-288h-128v160l-192-192-512 512v32h128v320h320v-192h128v192h320v-320h128z"
				],
				"attrs": [],
				"isMulticolor": false,
				"tags": [
					"home",
					"house"
				],
				"grid": 16
			},
			"attrs": [],
			"properties": {
				"order": 60,
				"prevSize": 16,
				"ligatures": "home3, house3",
				"name": "home3",
				"id": 3,
				"code": 59650
			},
			"setIdx": 0,
			"setId": 0,
			"iconIdx": 2
		},
		{
			"icon": {
				"paths": [
					"M959.884 128c0.040 0.034 0.082 0.076 0.116 0.116v767.77c-0.034 0.040-0.076 0.082-0.116 0.116h-895.77c-0.040-0.034-0.082-0.076-0.114-0.116v-767.772c0.034-0.040 0.076-0.082 0.114-0.114h895.77zM960 64h-896c-35.2 0-64 28.8-64 64v768c0 35.2 28.8 64 64 64h896c35.2 0 64-28.8 64-64v-768c0-35.2-28.8-64-64-64v0z",
					"M832 288c0 53.020-42.98 96-96 96s-96-42.98-96-96 42.98-96 96-96 96 42.98 96 96z",
					"M896 832h-768v-128l224-384 256 320h64l224-192z"
				],
				"attrs": [],
				"isMulticolor": false,
				"tags": [
					"image",
					"picture",
					"photo",
					"graphic"
				],
				"grid": 16
			},
			"attrs": [],
			"properties": {
				"order": 56,
				"prevSize": 16,
				"ligatures": "image, picture",
				"name": "image",
				"id": 14,
				"code": 59651
			},
			"setIdx": 0,
			"setId": 0,
			"iconIdx": 13
		},
		{
			"icon": {
				"paths": [
					"M1088 128h-64v-64c0-35.2-28.8-64-64-64h-896c-35.2 0-64 28.8-64 64v768c0 35.2 28.8 64 64 64h64v64c0 35.2 28.8 64 64 64h896c35.2 0 64-28.8 64-64v-768c0-35.2-28.8-64-64-64zM128 192v640h-63.886c-0.040-0.034-0.082-0.076-0.114-0.116v-767.77c0.034-0.040 0.076-0.082 0.114-0.114h895.77c0.040 0.034 0.082 0.076 0.116 0.116v63.884h-768c-35.2 0-64 28.8-64 64v0zM1088 959.884c-0.034 0.040-0.076 0.082-0.116 0.116h-895.77c-0.040-0.034-0.082-0.076-0.114-0.116v-767.77c0.034-0.040 0.076-0.082 0.114-0.114h895.77c0.040 0.034 0.082 0.076 0.116 0.116v767.768z",
					"M960 352c0 53.020-42.98 96-96 96s-96-42.98-96-96 42.98-96 96-96 96 42.98 96 96z",
					"M1024 896h-768v-128l224-384 256 320h64l224-192z"
				],
				"width": 1152,
				"attrs": [],
				"isMulticolor": false,
				"tags": [
					"images",
					"pictures",
					"photos",
					"graphics"
				],
				"grid": 16
			},
			"attrs": [],
			"properties": {
				"order": 57,
				"prevSize": 16,
				"ligatures": "images, pictures",
				"name": "images",
				"id": 15,
				"code": 59652
			},
			"setIdx": 0,
			"setId": 0,
			"iconIdx": 14
		},
		{
			"icon": {
				"paths": [
					"M304 608c0 114.876 93.124 208 208 208s208-93.124 208-208-93.124-208-208-208-208 93.124-208 208zM960 256h-224c-16-64-32-128-96-128h-256c-64 0-80 64-96 128h-224c-35.2 0-64 28.8-64 64v576c0 35.2 28.8 64 64 64h896c35.2 0 64-28.8 64-64v-576c0-35.2-28.8-64-64-64zM512 892c-156.85 0-284-127.148-284-284 0-156.85 127.15-284 284-284 156.852 0 284 127.15 284 284 0 156.852-127.146 284-284 284zM960 448h-128v-64h128v64z"
				],
				"attrs": [],
				"isMulticolor": false,
				"tags": [
					"camera",
					"photo",
					"picture",
					"image"
				],
				"grid": 16
			},
			"attrs": [],
			"properties": {
				"order": 58,
				"prevSize": 16,
				"ligatures": "camera, photo",
				"name": "camera",
				"id": 16,
				"code": 59653
			},
			"setIdx": 0,
			"setId": 0,
			"iconIdx": 15
		},
		{
			"icon": {
				"paths": [
					"M864 192h-512c-88 0-160 72-160 160v512c0 88 72 160 160 160h512c88 0 160-72 160-160v-512c0-88-72-160-160-160zM416 896c-53.020 0-96-42.98-96-96s42.98-96 96-96 96 42.98 96 96-42.98 96-96 96zM416 512c-53.020 0-96-42.98-96-96s42.98-96 96-96 96 42.98 96 96-42.98 96-96 96zM608 704c-53.020 0-96-42.98-96-96s42.98-96 96-96 96 42.98 96 96-42.98 96-96 96zM800 896c-53.020 0-96-42.98-96-96s42.98-96 96-96 96 42.98 96 96-42.98 96-96 96zM800 512c-53.020 0-96-42.98-96-96s42.98-96 96-96 96 42.98 96 96-42.98 96-96 96zM828.76 128c-14.93-72.804-79.71-128-156.76-128h-512c-88 0-160 72-160 160v512c0 77.046 55.196 141.83 128 156.76v-636.76c0-35.2 28.8-64 64-64h636.76z"
				],
				"attrs": [],
				"isMulticolor": false,
				"tags": [
					"dice",
					"game",
					"chance",
					"luck",
					"random",
					"gample"
				],
				"grid": 16
			},
			"attrs": [],
			"properties": {
				"order": 61,
				"prevSize": 16,
				"ligatures": "dice, game",
				"name": "dice",
				"id": 22,
				"code": 59654
			},
			"setIdx": 0,
			"setId": 0,
			"iconIdx": 21
		},
		{
			"icon": {
				"paths": [
					"M864 0h-768c-52.8 0-96 43.2-96 96v832c0 52.8 43.2 96 96 96h768c52.8 0 96-43.2 96-96v-832c0-52.8-43.2-96-96-96zM832 896h-704v-768h704v768zM256 448h448v64h-448zM256 576h448v64h-448zM256 704h448v64h-448zM256 320h448v64h-448z"
				],
				"attrs": [],
				"isMulticolor": false,
				"tags": [
					"file-text",
					"file",
					"document",
					"list",
					"paper"
				],
				"grid": 16
			},
			"attrs": [],
			"properties": {
				"order": 62,
				"prevSize": 16,
				"ligatures": "file-text, file",
				"name": "file-text",
				"id": 35,
				"code": 59655
			},
			"setIdx": 0,
			"setId": 0,
			"iconIdx": 34
		},
		{
			"icon": {
				"paths": [
					"M864 0h-768c-52.8 0-96 43.2-96 96v832c0 52.8 43.2 96 96 96h768c52.8 0 96-43.2 96-96v-832c0-52.8-43.2-96-96-96zM832 896h-704v-768h704v768zM256 576h448v64h-448zM256 704h448v64h-448zM320 288c0-53.019 42.981-96 96-96s96 42.981 96 96c0 53.019-42.981 96-96 96s-96-42.981-96-96zM480 384h-128c-52.8 0-96 28.8-96 64v64h320v-64c0-35.2-43.2-64-96-64z"
				],
				"attrs": [],
				"isMulticolor": false,
				"tags": [
					"profile",
					"file",
					"document",
					"page",
					"user",
					"paper"
				],
				"grid": 16
			},
			"attrs": [],
			"properties": {
				"order": 63,
				"prevSize": 16,
				"ligatures": "profile, file2",
				"name": "profile",
				"id": 36,
				"code": 59656
			},
			"setIdx": 0,
			"setId": 0,
			"iconIdx": 35
		},
		{
			"icon": {
				"paths": [
					"M917.806 229.076c-22.212-30.292-53.174-65.7-87.178-99.704s-69.412-64.964-99.704-87.178c-51.574-37.82-76.592-42.194-90.924-42.194h-496c-44.112 0-80 35.888-80 80v864c0 44.112 35.888 80 80 80h736c44.112 0 80-35.888 80-80v-624c0-14.332-4.372-39.35-42.194-90.924zM785.374 174.626c30.7 30.7 54.8 58.398 72.58 81.374h-153.954v-153.946c22.984 17.78 50.678 41.878 81.374 72.572zM896 944c0 8.672-7.328 16-16 16h-736c-8.672 0-16-7.328-16-16v-864c0-8.672 7.328-16 16-16 0 0 495.956-0.002 496 0v224c0 17.672 14.326 32 32 32h224v624z"
				],
				"attrs": [],
				"isMulticolor": false,
				"tags": [
					"file-empty",
					"file",
					"document",
					"paper",
					"page",
					"new",
					"empty",
					"blank"
				],
				"grid": 16
			},
			"attrs": [],
			"properties": {
				"order": 64,
				"prevSize": 16,
				"ligatures": "file-empty, file3",
				"name": "file-empty",
				"id": 37,
				"code": 59657
			},
			"setIdx": 0,
			"setId": 0,
			"iconIdx": 36
		},
		{
			"icon": {
				"paths": [
					"M917.806 357.076c-22.21-30.292-53.174-65.7-87.178-99.704s-69.412-64.964-99.704-87.178c-51.574-37.82-76.592-42.194-90.924-42.194h-368c-44.114 0-80 35.888-80 80v736c0 44.112 35.886 80 80 80h608c44.112 0 80-35.888 80-80v-496c0-14.332-4.372-39.35-42.194-90.924zM785.374 302.626c30.7 30.7 54.8 58.398 72.58 81.374h-153.954v-153.946c22.982 17.78 50.678 41.878 81.374 72.572v0zM896 944c0 8.672-7.328 16-16 16h-608c-8.672 0-16-7.328-16-16v-736c0-8.672 7.328-16 16-16 0 0 367.956-0.002 368 0v224c0 17.672 14.324 32 32 32h224v496z",
					"M602.924 42.196c-51.574-37.822-76.592-42.196-90.924-42.196h-368c-44.112 0-80 35.888-80 80v736c0 38.632 27.528 70.958 64 78.39v-814.39c0-8.672 7.328-16 16-16h486.876c-9.646-7.92-19.028-15.26-27.952-21.804z"
				],
				"attrs": [],
				"isMulticolor": false,
				"tags": [
					"files-empty",
					"files",
					"documents",
					"papers",
					"pages"
				],
				"grid": 16
			},
			"attrs": [],
			"properties": {
				"order": 65,
				"prevSize": 16,
				"ligatures": "files-empty, files",
				"name": "files-empty",
				"id": 38,
				"code": 59658
			},
			"setIdx": 0,
			"setId": 0,
			"iconIdx": 37
		},
		{
			"icon": {
				"paths": [
					"M917.806 229.076c-22.212-30.292-53.174-65.7-87.178-99.704s-69.412-64.964-99.704-87.178c-51.574-37.82-76.592-42.194-90.924-42.194h-496c-44.112 0-80 35.888-80 80v864c0 44.112 35.888 80 80 80h736c44.112 0 80-35.888 80-80v-624c0-14.332-4.372-39.35-42.194-90.924zM785.374 174.626c30.7 30.7 54.8 58.398 72.58 81.374h-153.954v-153.946c22.984 17.78 50.678 41.878 81.374 72.572zM896 944c0 8.672-7.328 16-16 16h-736c-8.672 0-16-7.328-16-16v-864c0-8.672 7.328-16 16-16 0 0 495.956-0.002 496 0v224c0 17.672 14.326 32 32 32h224v624z",
					"M736 832h-448c-17.672 0-32-14.326-32-32s14.328-32 32-32h448c17.674 0 32 14.326 32 32s-14.326 32-32 32z",
					"M736 704h-448c-17.672 0-32-14.326-32-32s14.328-32 32-32h448c17.674 0 32 14.326 32 32s-14.326 32-32 32z",
					"M736 576h-448c-17.672 0-32-14.326-32-32s14.328-32 32-32h448c17.674 0 32 14.326 32 32s-14.326 32-32 32z"
				],
				"attrs": [],
				"isMulticolor": false,
				"tags": [
					"file-text",
					"file",
					"document",
					"list",
					"paper",
					"page"
				],
				"grid": 16
			},
			"attrs": [],
			"properties": {
				"order": 66,
				"prevSize": 16,
				"ligatures": "file-text2, file4",
				"name": "file-text2",
				"id": 39,
				"code": 59659
			},
			"setIdx": 0,
			"setId": 0,
			"iconIdx": 38
		},
		{
			"icon": {
				"paths": [
					"M640 256v-256h-448l-192 192v576h384v256h640v-768h-384zM192 90.51v101.49h-101.49l101.49-101.49zM64 704v-448h192v-192h320v192l-192 192v256h-320zM576 346.51v101.49h-101.49l101.49-101.49zM960 960h-512v-448h192v-192h320v640z"
				],
				"attrs": [],
				"isMulticolor": false,
				"tags": [
					"copy",
					"duplicate",
					"files",
					"pages",
					"papers",
					"documents"
				],
				"grid": 16
			},
			"attrs": [],
			"properties": {
				"order": 68,
				"prevSize": 16,
				"ligatures": "copy, duplicate",
				"name": "copy",
				"id": 45,
				"code": 59660
			},
			"setIdx": 0,
			"setId": 0,
			"iconIdx": 44
		},
		{
			"icon": {
				"paths": [
					"M704 128h-128v-64c0-35.2-28.8-64-64-64h-128c-35.204 0-64 28.8-64 64v64h-128v128h512v-128zM512 128h-128v-63.886c0.034-0.038 0.072-0.078 0.114-0.114h127.768c0.042 0.036 0.082 0.076 0.118 0.114v63.886zM832 320v-160c0-17.6-14.4-32-32-32h-64v64h32v128h-192l-192 192v256h-256v-576h32v-64h-64c-17.602 0-32 14.4-32 32v640c0 17.6 14.398 32 32 32h288v192h640v-704h-192zM576 410.51v101.49h-101.49l101.49-101.49zM960 960h-512v-384h192v-192h320v576z"
				],
				"attrs": [],
				"isMulticolor": false,
				"tags": [
					"paste",
					"clipboard-file"
				],
				"grid": 16
			},
			"attrs": [],
			"properties": {
				"order": 69,
				"prevSize": 16,
				"ligatures": "paste, clipboard-file",
				"name": "paste",
				"id": 46,
				"code": 59661
			},
			"setIdx": 0,
			"setId": 0,
			"iconIdx": 45
		},
		{
			"icon": {
				"paths": [
					"M928 128h-832c-52.8 0-96 43.2-96 96v640c0 52.8 43.2 96 96 96h832c52.8 0 96-43.2 96-96v-640c0-52.8-43.2-96-96-96zM398.74 550.372l-270.74 210.892v-501.642l270.74 290.75zM176.38 256h671.24l-335.62 252-335.62-252zM409.288 561.698l102.712 110.302 102.71-110.302 210.554 270.302h-626.528l210.552-270.302zM625.26 550.372l270.74-290.75v501.642l-270.74-210.892z"
				],
				"attrs": [],
				"isMulticolor": false,
				"tags": [
					"envelop",
					"mail",
					"email",
					"contact",
					"letter"
				],
				"grid": 16
			},
			"attrs": [],
			"properties": {
				"order": 54,
				"prevSize": 16,
				"ligatures": "envelop, mail",
				"name": "envelop",
				"id": 70,
				"code": 59662
			},
			"setIdx": 0,
			"setId": 0,
			"iconIdx": 69
		},
		{
			"icon": {
				"paths": [
					"M256 64h512v128h-512v-128z",
					"M960 256h-896c-35.2 0-64 28.8-64 64v320c0 35.2 28.794 64 64 64h192v256h512v-256h192c35.2 0 64-28.8 64-64v-320c0-35.2-28.8-64-64-64zM128 448c-35.346 0-64-28.654-64-64s28.654-64 64-64 64 28.654 64 64-28.652 64-64 64zM704 896h-384v-320h384v320z"
				],
				"attrs": [],
				"isMulticolor": false,
				"tags": [
					"printer",
					"print"
				],
				"grid": 16
			},
			"attrs": [],
			"properties": {
				"order": 53,
				"prevSize": 16,
				"ligatures": "printer, print",
				"name": "printer",
				"id": 85,
				"code": 59663
			},
			"setIdx": 0,
			"setId": 0,
			"iconIdx": 84
		},
		{
			"icon": {
				"paths": [
					"M0 64v640h1024v-640h-1024zM960 640h-896v-512h896v512zM672 768h-320l-32 128-64 64h512l-64-64z"
				],
				"attrs": [],
				"isMulticolor": false,
				"tags": [
					"display",
					"screen",
					"monitor",
					"computer",
					"desktop",
					"pc"
				],
				"grid": 16
			},
			"attrs": [],
			"properties": {
				"order": 52,
				"prevSize": 16,
				"ligatures": "display, screen",
				"name": "display",
				"id": 87,
				"code": 59664
			},
			"setIdx": 0,
			"setId": 0,
			"iconIdx": 86
		},
		{
			"icon": {
				"paths": [
					"M896 704v-512c0-35.2-28.8-64-64-64h-640c-35.2 0-64 28.8-64 64v512h-128v192h1024v-192h-128zM640 832h-256v-64h256v64zM832 704h-640v-511.886c0.034-0.040 0.076-0.082 0.114-0.114h639.77c0.040 0.034 0.082 0.076 0.116 0.116v511.884z"
				],
				"attrs": [],
				"isMulticolor": false,
				"tags": [
					"laptop",
					"computer",
					"pc"
				],
				"grid": 16
			},
			"attrs": [],
			"properties": {
				"order": 51,
				"prevSize": 16,
				"ligatures": "laptop, computer",
				"name": "laptop",
				"id": 88,
				"code": 59665
			},
			"setIdx": 0,
			"setId": 0,
			"iconIdx": 87
		},
		{
			"icon": {
				"paths": [
					"M736 0h-448c-52.8 0-96 43.2-96 96v832c0 52.8 43.2 96 96 96h448c52.8 0 96-43.2 96-96v-832c0-52.8-43.2-96-96-96zM384 48h256v32h-256v-32zM512 960c-35.346 0-64-28.654-64-64s28.654-64 64-64 64 28.654 64 64-28.654 64-64 64zM768 768h-512v-640h512v640z"
				],
				"attrs": [],
				"isMulticolor": false,
				"tags": [
					"mobile",
					"cell-phone",
					"handheld"
				],
				"grid": 16
			},
			"attrs": [],
			"properties": {
				"order": 50,
				"prevSize": 16,
				"ligatures": "mobile, cell-phone",
				"name": "mobile",
				"id": 89,
				"code": 59666
			},
			"setIdx": 0,
			"setId": 0,
			"iconIdx": 88
		},
		{
			"icon": {
				"paths": [
					"M768 0h-576c-35.2 0-64 28.798-64 64v896c0 35.2 28.798 64 64 64h576c35.2 0 64-28.8 64-64v-896c0-35.202-28.8-64-64-64zM480 977.782c-27.492 0-49.782-22.29-49.782-49.782s22.29-49.782 49.782-49.782 49.782 22.29 49.782 49.782-22.29 49.782-49.782 49.782zM768 832h-576v-704h576v704z"
				],
				"attrs": [],
				"isMulticolor": false,
				"tags": [
					"mobile",
					"cell-phone",
					"handheld",
					"tablet",
					"phablet"
				],
				"grid": 16
			},
			"attrs": [],
			"properties": {
				"order": 49,
				"prevSize": 16,
				"ligatures": "mobile2, cell-phone2",
				"name": "mobile2",
				"id": 90,
				"code": 59667
			},
			"setIdx": 0,
			"setId": 0,
			"iconIdx": 89
		},
		{
			"icon": {
				"paths": [
					"M800 0h-640c-52.8 0-96 43.2-96 96v832c0 52.8 43.2 96 96 96h640c52.8 0 96-43.2 96-96v-832c0-52.8-43.2-96-96-96zM480 992c-17.672 0-32-14.326-32-32s14.328-32 32-32 32 14.326 32 32-14.328 32-32 32zM768 896h-576v-768h576v768z"
				],
				"attrs": [],
				"isMulticolor": false,
				"tags": [
					"tablet",
					"mobile"
				],
				"grid": 16
			},
			"attrs": [],
			"properties": {
				"order": 48,
				"prevSize": 16,
				"ligatures": "tablet, mobile3",
				"name": "tablet",
				"id": 91,
				"code": 59668
			},
			"setIdx": 0,
			"setId": 0,
			"iconIdx": 90
		},
		{
			"icon": {
				"paths": [
					"M832 64h-640l-192 192v672c0 17.674 14.326 32 32 32h960c17.672 0 32-14.326 32-32v-672l-192-192zM512 832l-320-256h192v-192h256v192h192l-320 256zM154.51 192l64-64h586.978l64 64h-714.978z"
				],
				"attrs": [],
				"isMulticolor": false,
				"tags": [
					"box-add",
					"box",
					"download",
					"storage",
					"inbox",
					"archive"
				],
				"grid": 16
			},
			"attrs": [],
			"properties": {
				"order": 46,
				"prevSize": 16,
				"ligatures": "box-add, box3",
				"name": "box-add",
				"id": 95,
				"code": 59669
			},
			"setIdx": 0,
			"setId": 0,
			"iconIdx": 94
		},
		{
			"icon": {
				"paths": [
					"M832 64h-640l-192 192v672c0 17.674 14.326 32 32 32h960c17.672 0 32-14.326 32-32v-672l-192-192zM640 640v192h-256v-192h-192l320-256 320 256h-192zM154.51 192l64-64h586.976l64 64h-714.976z"
				],
				"attrs": [],
				"isMulticolor": false,
				"tags": [
					"box-remove",
					"box",
					"upload",
					"storage",
					"outbox",
					"archive"
				],
				"grid": 16
			},
			"attrs": [],
			"properties": {
				"order": 47,
				"prevSize": 16,
				"ligatures": "box-remove, box4",
				"name": "box-remove",
				"id": 96,
				"code": 59670
			},
			"setIdx": 0,
			"setId": 0,
			"iconIdx": 95
		},
		{
			"icon": {
				"paths": [
					"M896 0h-896v1024h1024v-896l-128-128zM512 128h128v256h-128v-256zM896 896h-768v-768h64v320h576v-320h74.978l53.022 53.018v714.982z"
				],
				"attrs": [],
				"isMulticolor": false,
				"tags": [
					"floppy-disk",
					"save"
				],
				"grid": 16
			},
			"attrs": [],
			"properties": {
				"order": 70,
				"prevSize": 16,
				"ligatures": "floppy-disk, save2",
				"name": "floppy-disk",
				"id": 99,
				"code": 59671
			},
			"setIdx": 0,
			"setId": 0,
			"iconIdx": 98
		},
		{
			"icon": {
				"paths": [
					"M576 706.612v-52.78c70.498-39.728 128-138.772 128-237.832 0-159.058 0-288-192-288s-192 128.942-192 288c0 99.060 57.502 198.104 128 237.832v52.78c-217.102 17.748-384 124.42-384 253.388h896c0-128.968-166.898-235.64-384-253.388z"
				],
				"attrs": [],
				"isMulticolor": false,
				"tags": [
					"user",
					"profile",
					"avatar",
					"person",
					"member"
				],
				"grid": 16
			},
			"attrs": [],
			"properties": {
				"order": 39,
				"prevSize": 16,
				"ligatures": "user, profile2",
				"name": "user",
				"id": 114,
				"code": 59672
			},
			"setIdx": 0,
			"setId": 0,
			"iconIdx": 113
		},
		{
			"icon": {
				"paths": [
					"M768 770.612v-52.78c70.498-39.728 128-138.772 128-237.832 0-159.058 0-288-192-288s-192 128.942-192 288c0 99.060 57.502 198.104 128 237.832v52.78c-217.102 17.748-384 124.42-384 253.388h896c0-128.968-166.898-235.64-384-253.388z",
					"M327.196 795.328c55.31-36.15 124.080-63.636 199.788-80.414-15.054-17.784-28.708-37.622-40.492-59.020-30.414-55.234-46.492-116.058-46.492-175.894 0-86.042 0-167.31 30.6-233.762 29.706-64.504 83.128-104.496 159.222-119.488-16.914-76.48-61.94-126.75-181.822-126.75-192 0-192 128.942-192 288 0 99.060 57.502 198.104 128 237.832v52.78c-217.102 17.748-384 124.42-384 253.388h279.006c14.518-12.91 30.596-25.172 48.19-36.672z"
				],
				"width": 1152,
				"attrs": [],
				"isMulticolor": false,
				"tags": [
					"users",
					"group",
					"team",
					"members",
					"community",
					"collaborate"
				],
				"grid": 16
			},
			"attrs": [],
			"properties": {
				"order": 40,
				"prevSize": 16,
				"ligatures": "users, group",
				"name": "users",
				"id": 115,
				"code": 59673
			},
			"setIdx": 0,
			"setId": 0,
			"iconIdx": 114
		},
		{
			"icon": {
				"paths": [
					"M384 736c0-151.234 95.874-280.486 230.032-330.2 16.28-36.538 25.968-77.164 25.968-117.8 0-159.058 0-288-192-288s-192 128.942-192 288c0 99.060 57.502 198.104 128 237.832v52.78c-217.102 17.748-384 124.42-384 253.388h397.306c-8.664-30.53-13.306-62.732-13.306-96z",
					"M736 448c-159.058 0-288 128.942-288 288s128.942 288 288 288c159.056 0 288-128.942 288-288s-128.942-288-288-288zM896 768h-128v128h-64v-128h-128v-64h128v-128h64v128h128v64z"
				],
				"width": 1024,
				"attrs": [],
				"isMulticolor": false,
				"tags": [
					"user-plus",
					"user",
					"user-add",
					"profile",
					"avatar",
					"person",
					"member"
				],
				"grid": 16
			},
			"attrs": [],
			"properties": {
				"order": 41,
				"prevSize": 16,
				"ligatures": "user-plus, user2",
				"name": "user-plus",
				"id": 116,
				"code": 59674
			},
			"setIdx": 0,
			"setId": 0,
			"iconIdx": 115
		},
		{
			"icon": {
				"paths": [
					"M384 736c0-151.234 95.874-280.486 230.032-330.2 16.28-36.538 25.968-77.164 25.968-117.8 0-159.058 0-288-192-288s-192 128.942-192 288c0 99.060 57.502 198.104 128 237.832v52.78c-217.102 17.748-384 124.42-384 253.388h397.306c-8.664-30.53-13.306-62.732-13.306-96z",
					"M736 448c-159.058 0-288 128.942-288 288s128.942 288 288 288c159.056 0 288-128.942 288-288s-128.942-288-288-288zM896 768h-320v-64h320v64z"
				],
				"width": 1024,
				"attrs": [],
				"isMulticolor": false,
				"tags": [
					"user-minus",
					"user",
					"user-remove",
					"profile",
					"avatar",
					"person",
					"member"
				],
				"grid": 16
			},
			"attrs": [],
			"properties": {
				"order": 42,
				"prevSize": 16,
				"ligatures": "user-minus, user3",
				"name": "user-minus",
				"id": 117,
				"code": 59675
			},
			"setIdx": 0,
			"setId": 0,
			"iconIdx": 116
		},
		{
			"icon": {
				"paths": [
					"M960 608l-288 288-96-96-64 64 160 160 352-352z",
					"M448 768h320v-115.128c-67.22-39.2-156.308-66.11-256-74.26v-52.78c70.498-39.728 128-138.772 128-237.832 0-159.058 0-288-192-288s-192 128.942-192 288c0 99.060 57.502 198.104 128 237.832v52.78c-217.102 17.748-384 124.42-384 253.388h448v-64z"
				],
				"width": 1024,
				"attrs": [],
				"isMulticolor": false,
				"tags": [
					"user-check",
					"user",
					"user-tick",
					"profile",
					"avatar",
					"person",
					"member"
				],
				"grid": 16
			},
			"attrs": [],
			"properties": {
				"order": 43,
				"prevSize": 16,
				"ligatures": "user-check, user4",
				"name": "user-check",
				"id": 118,
				"code": 59676
			},
			"setIdx": 0,
			"setId": 0,
			"iconIdx": 117
		},
		{
			"icon": {
				"paths": [
					"M1024 384h-384l143.53-143.53c-72.53-72.526-168.96-112.47-271.53-112.47s-199 39.944-271.53 112.47c-72.526 72.53-112.47 168.96-112.47 271.53s39.944 199 112.47 271.53c72.53 72.526 168.96 112.47 271.53 112.47s199-39.944 271.528-112.472c6.056-6.054 11.86-12.292 17.456-18.668l96.32 84.282c-93.846 107.166-231.664 174.858-385.304 174.858-282.77 0-512-229.23-512-512s229.23-512 512-512c141.386 0 269.368 57.326 362.016 149.984l149.984-149.984v384z"
				],
				"attrs": [],
				"isMulticolor": false,
				"tags": [
					"spinner",
					"loading",
					"loading-wheel",
					"refresh",
					"repeat",
					"busy",
					"wait",
					"arrow"
				],
				"grid": 16
			},
			"attrs": [],
			"properties": {
				"order": 38,
				"prevSize": 16,
				"ligatures": "spinner11, loading12",
				"name": "spinner11",
				"id": 133,
				"code": 59677
			},
			"setIdx": 0,
			"setId": 0,
			"iconIdx": 132
		},
		{
			"icon": {
				"paths": [
					"M992.262 871.396l-242.552-206.294c-25.074-22.566-51.89-32.926-73.552-31.926 57.256-67.068 91.842-154.078 91.842-249.176 0-212.078-171.922-384-384-384-212.076 0-384 171.922-384 384s171.922 384 384 384c95.098 0 182.108-34.586 249.176-91.844-1 21.662 9.36 48.478 31.926 73.552l206.294 242.552c35.322 39.246 93.022 42.554 128.22 7.356s31.892-92.898-7.354-128.22zM384 640c-141.384 0-256-114.616-256-256s114.616-256 256-256 256 114.616 256 256-114.614 256-256 256z"
				],
				"attrs": [],
				"isMulticolor": false,
				"tags": [
					"search",
					"magnifier",
					"magnifying-glass",
					"inspect",
					"find"
				],
				"grid": 16
			},
			"attrs": [],
			"properties": {
				"order": 71,
				"prevSize": 16,
				"ligatures": "search, magnifier",
				"name": "search",
				"id": 135,
				"code": 59678
			},
			"setIdx": 0,
			"setId": 0,
			"iconIdx": 134
		},
		{
			"icon": {
				"paths": [
					"M992.262 871.396l-242.552-206.294c-25.074-22.566-51.89-32.926-73.552-31.926 57.256-67.068 91.842-154.078 91.842-249.176 0-212.078-171.922-384-384-384-212.076 0-384 171.922-384 384s171.922 384 384 384c95.098 0 182.108-34.586 249.176-91.844-1 21.662 9.36 48.478 31.926 73.552l206.294 242.552c35.322 39.246 93.022 42.554 128.22 7.356s31.892-92.898-7.354-128.22zM384 640c-141.384 0-256-114.616-256-256s114.616-256 256-256 256 114.616 256 256-114.614 256-256 256zM448 192h-128v128h-128v128h128v128h128v-128h128v-128h-128z"
				],
				"attrs": [],
				"isMulticolor": false,
				"tags": [
					"zoom-in",
					"magnifier",
					"magnifier-plus",
					"enlarge"
				],
				"grid": 16
			},
			"attrs": [],
			"properties": {
				"order": 72,
				"prevSize": 16,
				"ligatures": "zoom-in, magnifier2",
				"name": "zoom-in",
				"id": 136,
				"code": 59679
			},
			"setIdx": 0,
			"setId": 0,
			"iconIdx": 135
		},
		{
			"icon": {
				"paths": [
					"M992.262 871.396l-242.552-206.294c-25.074-22.566-51.89-32.926-73.552-31.926 57.256-67.068 91.842-154.078 91.842-249.176 0-212.078-171.922-384-384-384-212.076 0-384 171.922-384 384s171.922 384 384 384c95.098 0 182.108-34.586 249.176-91.844-1 21.662 9.36 48.478 31.926 73.552l206.294 242.552c35.322 39.246 93.022 42.554 128.22 7.356s31.892-92.898-7.354-128.22zM384 640c-141.384 0-256-114.616-256-256s114.616-256 256-256 256 114.616 256 256-114.614 256-256 256zM192 320h384v128h-384z"
				],
				"attrs": [],
				"isMulticolor": false,
				"tags": [
					"zoom-out",
					"magnifier",
					"magnifier-minus",
					"reduce"
				],
				"grid": 16
			},
			"attrs": [],
			"properties": {
				"order": 73,
				"prevSize": 16,
				"ligatures": "zoom-out, magnifier3",
				"name": "zoom-out",
				"id": 137,
				"code": 59680
			},
			"setIdx": 0,
			"setId": 0,
			"iconIdx": 136
		},
		{
			"icon": {
				"paths": [
					"M1002.934 817.876l-460.552-394.76c21.448-40.298 33.618-86.282 33.618-135.116 0-159.058-128.942-288-288-288-29.094 0-57.172 4.332-83.646 12.354l166.39 166.39c24.89 24.89 24.89 65.62 0 90.51l-101.49 101.49c-24.89 24.89-65.62 24.89-90.51 0l-166.39-166.39c-8.022 26.474-12.354 54.552-12.354 83.646 0 159.058 128.942 288 288 288 48.834 0 94.818-12.17 135.116-33.62l394.76 460.552c22.908 26.724 62.016 28.226 86.904 3.338l101.492-101.492c24.888-24.888 23.386-63.994-3.338-86.902z"
				],
				"attrs": [],
				"isMulticolor": false,
				"tags": [
					"wrench",
					"tool",
					"fix",
					"settings",
					"control",
					"options",
					"preferences"
				],
				"grid": 16
			},
			"attrs": [],
			"properties": {
				"order": 74,
				"prevSize": 16,
				"ligatures": "wrench, tool",
				"name": "wrench",
				"id": 146,
				"code": 59681
			},
			"setIdx": 0,
			"setId": 0,
			"iconIdx": 145
		},
		{
			"icon": {
				"paths": [
					"M933.79 610.25c-53.726-93.054-21.416-212.304 72.152-266.488l-100.626-174.292c-28.75 16.854-62.176 26.518-97.846 26.518-107.536 0-194.708-87.746-194.708-195.99h-201.258c0.266 33.41-8.074 67.282-25.958 98.252-53.724 93.056-173.156 124.702-266.862 70.758l-100.624 174.292c28.97 16.472 54.050 40.588 71.886 71.478 53.638 92.908 21.512 211.92-71.708 266.224l100.626 174.292c28.65-16.696 61.916-26.254 97.4-26.254 107.196 0 194.144 87.192 194.7 194.958h201.254c-0.086-33.074 8.272-66.57 25.966-97.218 53.636-92.906 172.776-124.594 266.414-71.012l100.626-174.29c-28.78-16.466-53.692-40.498-71.434-71.228zM512 719.332c-114.508 0-207.336-92.824-207.336-207.334 0-114.508 92.826-207.334 207.336-207.334 114.508 0 207.332 92.826 207.332 207.334-0.002 114.51-92.824 207.334-207.332 207.334z"
				],
				"attrs": [],
				"isMulticolor": false,
				"tags": [
					"cog",
					"gear",
					"preferences",
					"settings",
					"generate",
					"control",
					"options"
				],
				"grid": 16
			},
			"attrs": [],
			"properties": {
				"order": 75,
				"prevSize": 16,
				"ligatures": "cog, gear",
				"name": "cog",
				"id": 149,
				"code": 59682
			},
			"setIdx": 0,
			"setId": 0,
			"iconIdx": 148
		},
		{
			"icon": {
				"paths": [
					"M363.722 722.052l41.298-57.816-45.254-45.256-57.818 41.296c-10.722-5.994-22.204-10.774-34.266-14.192l-11.682-70.084h-64l-11.68 70.086c-12.062 3.418-23.544 8.198-34.266 14.192l-57.818-41.298-45.256 45.256 41.298 57.816c-5.994 10.72-10.774 22.206-14.192 34.266l-70.086 11.682v64l70.086 11.682c3.418 12.060 8.198 23.544 14.192 34.266l-41.298 57.816 45.254 45.256 57.818-41.296c10.722 5.994 22.204 10.774 34.266 14.192l11.682 70.084h64l11.68-70.086c12.062-3.418 23.544-8.198 34.266-14.192l57.818 41.296 45.254-45.256-41.298-57.816c5.994-10.72 10.774-22.206 14.192-34.266l70.088-11.68v-64l-70.086-11.682c-3.418-12.060-8.198-23.544-14.192-34.266zM224 864c-35.348 0-64-28.654-64-64s28.652-64 64-64 64 28.654 64 64-28.652 64-64 64zM1024 384v-64l-67.382-12.25c-1.242-8.046-2.832-15.978-4.724-23.79l57.558-37.1-24.492-59.128-66.944 14.468c-4.214-6.91-8.726-13.62-13.492-20.13l39.006-56.342-45.256-45.254-56.342 39.006c-6.512-4.766-13.22-9.276-20.13-13.494l14.468-66.944-59.128-24.494-37.1 57.558c-7.812-1.892-15.744-3.482-23.79-4.724l-12.252-67.382h-64l-12.252 67.382c-8.046 1.242-15.976 2.832-23.79 4.724l-37.098-57.558-59.128 24.492 14.468 66.944c-6.91 4.216-13.62 8.728-20.13 13.494l-56.342-39.006-45.254 45.254 39.006 56.342c-4.766 6.51-9.278 13.22-13.494 20.13l-66.944-14.468-24.492 59.128 57.558 37.1c-1.892 7.812-3.482 15.742-4.724 23.79l-67.384 12.252v64l67.382 12.25c1.242 8.046 2.832 15.978 4.724 23.79l-57.558 37.1 24.492 59.128 66.944-14.468c4.216 6.91 8.728 13.618 13.494 20.13l-39.006 56.342 45.254 45.256 56.342-39.006c6.51 4.766 13.22 9.276 20.13 13.492l-14.468 66.944 59.128 24.492 37.102-57.558c7.81 1.892 15.742 3.482 23.788 4.724l12.252 67.384h64l12.252-67.382c8.044-1.242 15.976-2.832 23.79-4.724l37.1 57.558 59.128-24.492-14.468-66.944c6.91-4.216 13.62-8.726 20.13-13.492l56.342 39.006 45.256-45.256-39.006-56.342c4.766-6.512 9.276-13.22 13.492-20.13l66.944 14.468 24.492-59.13-57.558-37.1c1.892-7.812 3.482-15.742 4.724-23.79l67.382-12.25zM672 491.2c-76.878 0-139.2-62.322-139.2-139.2s62.32-139.2 139.2-139.2 139.2 62.322 139.2 139.2c0 76.878-62.32 139.2-139.2 139.2z"
				],
				"attrs": [],
				"isMulticolor": false,
				"tags": [
					"cogs",
					"gears",
					"preferences",
					"settings",
					"generate",
					"control",
					"options"
				],
				"grid": 16
			},
			"attrs": [],
			"properties": {
				"order": 76,
				"prevSize": 16,
				"ligatures": "cogs, gears",
				"name": "cogs",
				"id": 150,
				"code": 59683
			},
			"setIdx": 0,
			"setId": 0,
			"iconIdx": 149
		},
		{
			"icon": {
				"paths": [
					"M448 576v-448c-247.424 0-448 200.576-448 448s200.576 448 448 448 448-200.576 448-448c0-72.034-17.028-140.084-47.236-200.382l-400.764 200.382zM912.764 247.618c-73.552-146.816-225.374-247.618-400.764-247.618v448l400.764-200.382z"
				],
				"attrs": [],
				"isMulticolor": false,
				"tags": [
					"pie-chart",
					"stats",
					"statistics",
					"graph"
				],
				"grid": 16
			},
			"attrs": [],
			"properties": {
				"order": 77,
				"prevSize": 16,
				"ligatures": "pie-chart, stats",
				"name": "pie-chart",
				"id": 155,
				"code": 59684
			},
			"setIdx": 0,
			"setId": 0,
			"iconIdx": 154
		},
		{
			"icon": {
				"paths": [
					"M128 896h896v128h-1024v-1024h128zM288 832c-53.020 0-96-42.98-96-96s42.98-96 96-96c2.828 0 5.622 0.148 8.388 0.386l103.192-171.986c-9.84-15.070-15.58-33.062-15.58-52.402 0-53.020 42.98-96 96-96s96 42.98 96 96c0 19.342-5.74 37.332-15.58 52.402l103.192 171.986c2.766-0.238 5.56-0.386 8.388-0.386 2.136 0 4.248 0.094 6.35 0.23l170.356-298.122c-10.536-15.408-16.706-34.036-16.706-54.11 0-53.020 42.98-96 96-96s96 42.98 96 96c0 53.020-42.98 96-96 96-2.14 0-4.248-0.094-6.35-0.232l-170.356 298.124c10.536 15.406 16.706 34.036 16.706 54.11 0 53.020-42.98 96-96 96s-96-42.98-96-96c0-19.34 5.74-37.332 15.578-52.402l-103.19-171.984c-2.766 0.238-5.56 0.386-8.388 0.386s-5.622-0.146-8.388-0.386l-103.192 171.986c9.84 15.068 15.58 33.060 15.58 52.4 0 53.020-42.98 96-96 96z"
				],
				"attrs": [],
				"isMulticolor": false,
				"tags": [
					"stats-dots",
					"stats",
					"plot",
					"statistics",
					"chart"
				],
				"grid": 16
			},
			"attrs": [],
			"properties": {
				"order": 78,
				"prevSize": 16,
				"ligatures": "stats-dots, stats2",
				"name": "stats-dots",
				"id": 156,
				"code": 59685
			},
			"setIdx": 0,
			"setId": 0,
			"iconIdx": 155
		},
		{
			"icon": {
				"paths": [
					"M0 832h1024v128h-1024zM128 576h128v192h-128zM320 320h128v448h-128zM512 512h128v256h-128zM704 128h128v640h-128z"
				],
				"attrs": [],
				"isMulticolor": false,
				"tags": [
					"stats-bars",
					"stats",
					"statistics",
					"chart"
				],
				"grid": 16
			},
			"attrs": [],
			"properties": {
				"order": 79,
				"prevSize": 16,
				"ligatures": "stats-bars, stats3",
				"name": "stats-bars",
				"id": 157,
				"code": 59686
			},
			"setIdx": 0,
			"setId": 0,
			"iconIdx": 156
		},
		{
			"icon": {
				"paths": [
					"M288 384h-192c-17.6 0-32 14.4-32 32v576c0 17.6 14.4 32 32 32h192c17.6 0 32-14.4 32-32v-576c0-17.6-14.4-32-32-32zM288 960h-192v-256h192v256zM608 256h-192c-17.6 0-32 14.4-32 32v704c0 17.6 14.4 32 32 32h192c17.6 0 32-14.4 32-32v-704c0-17.6-14.4-32-32-32zM608 960h-192v-320h192v320zM928 128h-192c-17.6 0-32 14.4-32 32v832c0 17.6 14.4 32 32 32h192c17.6 0 32-14.4 32-32v-832c0-17.6-14.4-32-32-32zM928 960h-192v-384h192v384z"
				],
				"attrs": [],
				"isMulticolor": false,
				"tags": [
					"stats-bars",
					"stats",
					"statistics",
					"chart"
				],
				"grid": 16
			},
			"attrs": [],
			"properties": {
				"order": 80,
				"prevSize": 16,
				"ligatures": "stats-bars2, stats4",
				"name": "stats-bars2",
				"id": 158,
				"code": 59687
			},
			"setIdx": 0,
			"setId": 0,
			"iconIdx": 157
		},
		{
			"icon": {
				"paths": [
					"M128 320v640c0 35.2 28.8 64 64 64h576c35.2 0 64-28.8 64-64v-640h-704zM320 896h-64v-448h64v448zM448 896h-64v-448h64v448zM576 896h-64v-448h64v448zM704 896h-64v-448h64v448z",
					"M848 128h-208v-80c0-26.4-21.6-48-48-48h-224c-26.4 0-48 21.6-48 48v80h-208c-26.4 0-48 21.6-48 48v80h832v-80c0-26.4-21.6-48-48-48zM576 128h-192v-63.198h192v63.198z"
				],
				"attrs": [],
				"isMulticolor": false,
				"tags": [
					"bin",
					"trashcan",
					"remove",
					"delete",
					"recycle",
					"dispose"
				],
				"grid": 16
			},
			"attrs": [],
			"properties": {
				"order": 32,
				"prevSize": 16,
				"ligatures": "bin, trashcan",
				"name": "bin",
				"id": 173,
				"code": 59688
			},
			"setIdx": 0,
			"setId": 0,
			"iconIdx": 172
		},
		{
			"icon": {
				"paths": [
					"M192 1024h640l64-704h-768zM640 128v-128h-256v128h-320v192l64-64h768l64 64v-192h-320zM576 128h-128v-64h128v64z"
				],
				"attrs": [],
				"isMulticolor": false,
				"tags": [
					"bin",
					"trashcan",
					"remove",
					"delete",
					"recycle",
					"dispose"
				],
				"grid": 16
			},
			"attrs": [],
			"properties": {
				"order": 33,
				"prevSize": 16,
				"ligatures": "bin2, trashcan2",
				"name": "bin2",
				"id": 174,
				"code": 59689
			},
			"setIdx": 0,
			"setId": 0,
			"iconIdx": 173
		},
		{
			"icon": {
				"paths": [
					"M416 96c0-53.018 42.98-96 96-96s96 42.982 96 96c0 53.020-42.98 96-96 96s-96-42.98-96-96z",
					"M640 320l329.596-142.172-23.77-59.424-401.826 137.596h-64l-401.826-137.596-23.77 59.424 329.596 142.172v256l-131.27 424.57 59.84 22.7 185.716-415.27h27.428l185.716 415.27 59.84-22.7-131.27-424.57z"
				],
				"attrs": [],
				"isMulticolor": false,
				"tags": [
					"accessibility"
				],
				"grid": 16
			},
			"attrs": [],
			"properties": {
				"order": 81,
				"prevSize": 16,
				"ligatures": "accessibility",
				"name": "accessibility",
				"id": 179,
				"code": 59690
			},
			"setIdx": 0,
			"setId": 0,
			"iconIdx": 178
		},
		{
			"icon": {
				"paths": [
					"M960 0l-448 128-448-128c0 0-4.5 51.698 0 128l448 140.090 448-140.090c4.498-76.302 0-128 0-128zM72.19 195.106c23.986 250.696 113.49 672.234 439.81 828.894 326.32-156.66 415.824-578.198 439.81-828.894l-439.81 165.358-439.81-165.358z"
				],
				"attrs": [],
				"isMulticolor": false,
				"tags": [
					"shield",
					"security",
					"defense",
					"protection",
					"anti virus"
				],
				"grid": 16
			},
			"attrs": [],
			"properties": {
				"order": 82,
				"prevSize": 16,
				"ligatures": "shield, security",
				"name": "shield",
				"id": 181,
				"code": 59691
			},
			"setIdx": 0,
			"setId": 0,
			"iconIdx": 180
		},
		{
			"icon": {
				"paths": [
					"M384 0l-384 512h384l-256 512 896-640h-512l384-384z"
				],
				"attrs": [],
				"isMulticolor": false,
				"tags": [
					"power",
					"lightning",
					"bolt",
					"electricity"
				],
				"grid": 16
			},
			"attrs": [],
			"properties": {
				"order": 83,
				"prevSize": 16,
				"ligatures": "power, lightning",
				"name": "power",
				"id": 182,
				"code": 59692
			},
			"setIdx": 0,
			"setId": 0,
			"iconIdx": 181
		},
		{
			"icon": {
				"paths": [
					"M384 832h640v128h-640zM384 448h640v128h-640zM384 64h640v128h-640zM192 0v256h-64v-192h-64v-64zM128 526v50h128v64h-192v-146l128-60v-50h-128v-64h192v146zM256 704v320h-192v-64h128v-64h-128v-64h128v-64h-128v-64z"
				],
				"attrs": [],
				"isMulticolor": false,
				"tags": [
					"list-numbered",
					"options"
				],
				"grid": 16
			},
			"attrs": [],
			"properties": {
				"order": 34,
				"prevSize": 16,
				"ligatures": "list-numbered, options",
				"name": "list-numbered",
				"id": 186,
				"code": 59693
			},
			"setIdx": 0,
			"setId": 0,
			"iconIdx": 185
		},
		{
			"icon": {
				"paths": [
					"M0 0h256v256h-256zM384 64h640v128h-640zM0 384h256v256h-256zM384 448h640v128h-640zM0 768h256v256h-256zM384 832h640v128h-640z"
				],
				"attrs": [],
				"isMulticolor": false,
				"tags": [
					"list",
					"todo",
					"bullet",
					"menu",
					"options"
				],
				"grid": 16
			},
			"attrs": [],
			"properties": {
				"order": 35,
				"prevSize": 16,
				"ligatures": "list, todo",
				"name": "list",
				"id": 187,
				"code": 59694
			},
			"setIdx": 0,
			"setId": 0,
			"iconIdx": 186
		},
		{
			"icon": {
				"paths": [
					"M384 64h640v128h-640v-128zM384 448h640v128h-640v-128zM384 832h640v128h-640v-128zM0 128c0-70.692 57.308-128 128-128s128 57.308 128 128c0 70.692-57.308 128-128 128s-128-57.308-128-128zM0 512c0-70.692 57.308-128 128-128s128 57.308 128 128c0 70.692-57.308 128-128 128s-128-57.308-128-128zM0 896c0-70.692 57.308-128 128-128s128 57.308 128 128c0 70.692-57.308 128-128 128s-128-57.308-128-128z"
				],
				"attrs": [],
				"isMulticolor": false,
				"tags": [
					"list",
					"todo",
					"bullet",
					"menu",
					"options"
				],
				"grid": 16
			},
			"attrs": [],
			"properties": {
				"order": 36,
				"prevSize": 16,
				"ligatures": "list2, todo2",
				"name": "list2",
				"id": 188,
				"code": 59695
			},
			"setIdx": 0,
			"setId": 0,
			"iconIdx": 187
		},
		{
			"icon": {
				"paths": [
					"M64 192h896v192h-896zM64 448h896v192h-896zM64 704h896v192h-896z"
				],
				"attrs": [],
				"isMulticolor": false,
				"tags": [
					"menu",
					"list",
					"options",
					"lines",
					"hamburger"
				],
				"grid": 16
			},
			"attrs": [],
			"properties": {
				"order": 37,
				"prevSize": 16,
				"ligatures": "menu, list3",
				"name": "menu",
				"id": 190,
				"code": 59696
			},
			"setIdx": 0,
			"setId": 0,
			"iconIdx": 189
		},
		{
			"icon": {
				"paths": [
					"M1024 397.050l-353.78-51.408-158.22-320.582-158.216 320.582-353.784 51.408 256 249.538-60.432 352.352 316.432-166.358 316.432 166.358-60.434-352.352 256.002-249.538zM512 753.498l-223.462 117.48 42.676-248.83-180.786-176.222 249.84-36.304 111.732-226.396 111.736 226.396 249.836 36.304-180.788 176.222 42.678 248.83-223.462-117.48z"
				],
				"attrs": [],
				"isMulticolor": false,
				"tags": [
					"star-empty",
					"rate",
					"star",
					"favorite",
					"bookmark"
				],
				"grid": 16
			},
			"attrs": [],
			"properties": {
				"order": 29,
				"prevSize": 16,
				"ligatures": "star-empty, rate",
				"name": "star-empty",
				"id": 216,
				"code": 59697
			},
			"setIdx": 0,
			"setId": 0,
			"iconIdx": 215
		},
		{
			"icon": {
				"paths": [
					"M1024 397.050l-353.78-51.408-158.22-320.582-158.216 320.582-353.784 51.408 256 249.538-60.432 352.352 316.432-166.358 316.432 166.358-60.434-352.352 256.002-249.538zM512 753.498l-0.942 0.496 0.942-570.768 111.736 226.396 249.836 36.304-180.788 176.222 42.678 248.83-223.462-117.48z"
				],
				"attrs": [],
				"isMulticolor": false,
				"tags": [
					"star-half",
					"rate",
					"star"
				],
				"grid": 16
			},
			"attrs": [],
			"properties": {
				"order": 31,
				"prevSize": 16,
				"ligatures": "star-half, rate2",
				"name": "star-half",
				"id": 217,
				"code": 59698
			},
			"setIdx": 0,
			"setId": 0,
			"iconIdx": 216
		},
		{
			"icon": {
				"paths": [
					"M1024 397.050l-353.78-51.408-158.22-320.582-158.216 320.582-353.784 51.408 256 249.538-60.432 352.352 316.432-166.358 316.432 166.358-60.434-352.352 256.002-249.538z"
				],
				"attrs": [],
				"isMulticolor": false,
				"tags": [
					"star-full",
					"rate",
					"star",
					"favorite",
					"bookmark"
				],
				"grid": 16
			},
			"attrs": [],
			"properties": {
				"order": 30,
				"prevSize": 16,
				"ligatures": "star-full, rate3",
				"name": "star-full",
				"id": 218,
				"code": 59699
			},
			"setIdx": 0,
			"setId": 0,
			"iconIdx": 217
		},
		{
			"icon": {
				"paths": [
					"M755.188 64c-107.63 0-200.258 87.554-243.164 179-42.938-91.444-135.578-179-243.216-179-148.382 0-268.808 120.44-268.808 268.832 0 301.846 304.5 380.994 512.022 679.418 196.154-296.576 511.978-387.206 511.978-679.418 0-148.392-120.43-268.832-268.812-268.832z"
				],
				"attrs": [],
				"isMulticolor": false,
				"tags": [
					"heart",
					"like",
					"love",
					"favorite"
				],
				"grid": 16
			},
			"attrs": [],
			"properties": {
				"order": 28,
				"prevSize": 16,
				"ligatures": "heart, like",
				"name": "heart",
				"id": 219,
				"code": 59700
			},
			"setIdx": 0,
			"setId": 0,
			"iconIdx": 218
		},
		{
			"icon": {
				"paths": [
					"M576 96c0 53.019-42.981 96-96 96s-96-42.981-96-96c0-53.019 42.981-96 96-96s96 42.981 96 96z",
					"M576 256h-192c-35.346 0-64 28.654-64 64v320h64v384h80v-384h32v384h80v-384h64v-320c0-35.346-28.652-64-64-64z"
				],
				"attrs": [],
				"isMulticolor": false,
				"tags": [
					"man",
					"male",
					"gender",
					"sex"
				],
				"grid": 16
			},
			"attrs": [],
			"properties": {
				"order": 84,
				"prevSize": 16,
				"ligatures": "man, male",
				"name": "man",
				"id": 221,
				"code": 59701
			},
			"setIdx": 0,
			"setId": 0,
			"iconIdx": 220
		},
		{
			"icon": {
				"paths": [
					"M576 96c0 53.019-42.981 96-96 96s-96-42.981-96-96c0-53.019 42.981-96 96-96s96 42.981 96 96z",
					"M719 512l49-35.5-133.286-206.116c-5.92-8.98-15.958-14.384-26.714-14.384h-256c-10.756 0-20.792 5.404-26.714 14.384l-133.286 206.116 49 35.5 110.644-143.596 38.458 89.74-134.102 245.856h122.666l21.334 320h64v-320h32v320h64l21.334-320h122.666l-134.104-245.858 38.458-89.74 110.646 143.598z"
				],
				"attrs": [],
				"isMulticolor": false,
				"tags": [
					"woman",
					"female",
					"gender",
					"sex"
				],
				"grid": 16
			},
			"attrs": [],
			"properties": {
				"order": 85,
				"prevSize": 16,
				"ligatures": "woman, female",
				"name": "woman",
				"id": 222,
				"code": 59702
			},
			"setIdx": 0,
			"setId": 0,
			"iconIdx": 221
		},
		{
			"icon": {
				"paths": [
					"M512 92.774l429.102 855.226h-858.206l429.104-855.226zM512 0c-22.070 0-44.14 14.882-60.884 44.648l-437.074 871.112c-33.486 59.532-5 108.24 63.304 108.24h869.308c68.3 0 96.792-48.708 63.3-108.24h0.002l-437.074-871.112c-16.742-29.766-38.812-44.648-60.882-44.648v0z",
					"M576 832c0 35.346-28.654 64-64 64s-64-28.654-64-64c0-35.346 28.654-64 64-64s64 28.654 64 64z",
					"M512 704c-35.346 0-64-28.654-64-64v-192c0-35.346 28.654-64 64-64s64 28.654 64 64v192c0 35.346-28.654 64-64 64z"
				],
				"attrs": [],
				"isMulticolor": false,
				"tags": [
					"warning",
					"sign"
				],
				"grid": 16
			},
			"attrs": [],
			"properties": {
				"order": 27,
				"prevSize": 16,
				"ligatures": "warning, sign",
				"name": "warning",
				"id": 264,
				"code": 59703
			},
			"setIdx": 0,
			"setId": 0,
			"iconIdx": 263
		},
		{
			"icon": {
				"paths": [
					"M512 96c-111.118 0-215.584 43.272-294.156 121.844s-121.844 183.038-121.844 294.156c0 111.118 43.272 215.584 121.844 294.156s183.038 121.844 294.156 121.844c111.118 0 215.584-43.272 294.156-121.844s121.844-183.038 121.844-294.156c0-111.118-43.272-215.584-121.844-294.156s-183.038-121.844-294.156-121.844zM512 0v0c282.77 0 512 229.23 512 512s-229.23 512-512 512c-282.77 0-512-229.23-512-512s229.23-512 512-512zM448 704h128v128h-128zM448 192h128v384h-128z"
				],
				"attrs": [],
				"isMulticolor": false,
				"tags": [
					"notification",
					"warning",
					"notice",
					"note",
					"exclamation"
				],
				"grid": 16
			},
			"attrs": [],
			"properties": {
				"order": 26,
				"prevSize": 16,
				"ligatures": "notification, warning2",
				"name": "notification",
				"id": 265,
				"code": 59704
			},
			"setIdx": 0,
			"setId": 0,
			"iconIdx": 264
		},
		{
			"icon": {
				"paths": [
					"M448 704h128v128h-128zM704 256c35.346 0 64 28.654 64 64v192l-192 128h-128v-64l192-128v-64h-320v-128h384zM512 96c-111.118 0-215.584 43.272-294.156 121.844s-121.844 183.038-121.844 294.156c0 111.118 43.272 215.584 121.844 294.156s183.038 121.844 294.156 121.844c111.118 0 215.584-43.272 294.156-121.844s121.844-183.038 121.844-294.156c0-111.118-43.272-215.584-121.844-294.156s-183.038-121.844-294.156-121.844zM512 0v0c282.77 0 512 229.23 512 512s-229.23 512-512 512c-282.77 0-512-229.23-512-512s229.23-512 512-512z"
				],
				"attrs": [],
				"isMulticolor": false,
				"tags": [
					"question",
					"help",
					"support"
				],
				"grid": 16
			},
			"attrs": [],
			"properties": {
				"order": 23,
				"prevSize": 16,
				"ligatures": "question, help",
				"name": "question",
				"id": 266,
				"code": 59705
			},
			"setIdx": 0,
			"setId": 0,
			"iconIdx": 265
		},
		{
			"icon": {
				"paths": [
					"M992 384h-352v-352c0-17.672-14.328-32-32-32h-192c-17.672 0-32 14.328-32 32v352h-352c-17.672 0-32 14.328-32 32v192c0 17.672 14.328 32 32 32h352v352c0 17.672 14.328 32 32 32h192c17.672 0 32-14.328 32-32v-352h352c17.672 0 32-14.328 32-32v-192c0-17.672-14.328-32-32-32z"
				],
				"attrs": [],
				"isMulticolor": false,
				"tags": [
					"plus",
					"add",
					"sum"
				],
				"grid": 16
			},
			"attrs": [],
			"properties": {
				"order": 20,
				"prevSize": 16,
				"ligatures": "plus, add",
				"name": "plus",
				"id": 267,
				"code": 59706
			},
			"setIdx": 0,
			"setId": 0,
			"iconIdx": 266
		},
		{
			"icon": {
				"paths": [
					"M0 416v192c0 17.672 14.328 32 32 32h960c17.672 0 32-14.328 32-32v-192c0-17.672-14.328-32-32-32h-960c-17.672 0-32 14.328-32 32z"
				],
				"attrs": [],
				"isMulticolor": false,
				"tags": [
					"minus",
					"subtract",
					"minimize",
					"line"
				],
				"grid": 16
			},
			"attrs": [],
			"properties": {
				"order": 21,
				"prevSize": 16,
				"ligatures": "minus, subtract",
				"name": "minus",
				"id": 268,
				"code": 59707
			},
			"setIdx": 0,
			"setId": 0,
			"iconIdx": 267
		},
		{
			"icon": {
				"paths": [
					"M448 304c0-26.4 21.6-48 48-48h32c26.4 0 48 21.6 48 48v32c0 26.4-21.6 48-48 48h-32c-26.4 0-48-21.6-48-48v-32z",
					"M640 768h-256v-64h64v-192h-64v-64h192v256h64z",
					"M512 0c-282.77 0-512 229.23-512 512s229.23 512 512 512 512-229.23 512-512-229.23-512-512-512zM512 928c-229.75 0-416-186.25-416-416s186.25-416 416-416 416 186.25 416 416-186.25 416-416 416z"
				],
				"attrs": [],
				"isMulticolor": false,
				"tags": [
					"info",
					"information"
				],
				"grid": 16
			},
			"attrs": [],
			"properties": {
				"order": 24,
				"prevSize": 16,
				"ligatures": "info, information",
				"name": "info",
				"id": 269,
				"code": 59708
			},
			"setIdx": 0,
			"setId": 0,
			"iconIdx": 268
		},
		{
			"icon": {
				"paths": [
					"M512 0c-282.77 0-512 229.23-512 512s229.23 512 512 512 512-229.23 512-512-229.23-512-512-512zM512 928c-229.75 0-416-186.25-416-416s186.25-416 416-416 416 186.25 416 416-186.25 416-416 416z",
					"M672 256l-160 160-160-160-96 96 160 160-160 160 96 96 160-160 160 160 96-96-160-160 160-160z"
				],
				"attrs": [],
				"isMulticolor": false,
				"tags": [
					"cancel-circle",
					"close",
					"remove",
					"delete"
				],
				"grid": 16
			},
			"attrs": [],
			"properties": {
				"order": 25,
				"prevSize": 16,
				"ligatures": "cancel-circle, close",
				"name": "cancel-circle",
				"id": 270,
				"code": 59709
			},
			"setIdx": 0,
			"setId": 0,
			"iconIdx": 269
		},
		{
			"icon": {
				"paths": [
					"M1014.662 822.66c-0.004-0.004-0.008-0.008-0.012-0.010l-310.644-310.65 310.644-310.65c0.004-0.004 0.008-0.006 0.012-0.010 3.344-3.346 5.762-7.254 7.312-11.416 4.246-11.376 1.824-24.682-7.324-33.83l-146.746-146.746c-9.148-9.146-22.45-11.566-33.828-7.32-4.16 1.55-8.070 3.968-11.418 7.31 0 0.004-0.004 0.006-0.008 0.010l-310.648 310.652-310.648-310.65c-0.004-0.004-0.006-0.006-0.010-0.010-3.346-3.342-7.254-5.76-11.414-7.31-11.38-4.248-24.682-1.826-33.83 7.32l-146.748 146.748c-9.148 9.148-11.568 22.452-7.322 33.828 1.552 4.16 3.97 8.072 7.312 11.416 0.004 0.002 0.006 0.006 0.010 0.010l310.65 310.648-310.65 310.652c-0.002 0.004-0.006 0.006-0.008 0.010-3.342 3.346-5.76 7.254-7.314 11.414-4.248 11.376-1.826 24.682 7.322 33.83l146.748 146.746c9.15 9.148 22.452 11.568 33.83 7.322 4.16-1.552 8.070-3.97 11.416-7.312 0.002-0.004 0.006-0.006 0.010-0.010l310.648-310.65 310.648 310.65c0.004 0.002 0.008 0.006 0.012 0.008 3.348 3.344 7.254 5.762 11.414 7.314 11.378 4.246 24.684 1.826 33.828-7.322l146.746-146.748c9.148-9.148 11.57-22.454 7.324-33.83-1.552-4.16-3.97-8.068-7.314-11.414z"
				],
				"attrs": [],
				"isMulticolor": false,
				"tags": [
					"cross",
					"cancel",
					"close",
					"quit",
					"remove"
				],
				"grid": 16
			},
			"attrs": [],
			"properties": {
				"order": 18,
				"prevSize": 16,
				"ligatures": "cross, cancel",
				"name": "cross",
				"id": 272,
				"code": 59710
			},
			"setIdx": 0,
			"setId": 0,
			"iconIdx": 271
		},
		{
			"icon": {
				"paths": [
					"M864 128l-480 480-224-224-160 160 384 384 640-640z"
				],
				"attrs": [],
				"isMulticolor": false,
				"tags": [
					"checkmark",
					"tick",
					"correct",
					"accept",
					"ok"
				],
				"grid": 16
			},
			"attrs": [],
			"properties": {
				"order": 19,
				"prevSize": 16,
				"ligatures": "checkmark, tick",
				"name": "checkmark",
				"id": 273,
				"code": 59711
			},
			"setIdx": 0,
			"setId": 0,
			"iconIdx": 272
		},
		{
			"icon": {
				"paths": [
					"M397.434 917.696l-397.868-391.6 197.378-194.27 200.49 197.332 429.62-422.852 197.378 194.27-626.998 617.12zM107.912 526.096l289.524 284.962 518.656-510.482-89.036-87.632-429.62 422.852-200.49-197.334-89.034 87.634z"
				],
				"attrs": [],
				"isMulticolor": false,
				"tags": [
					"checkmark",
					"tick",
					"correct",
					"accept",
					"ok"
				],
				"grid": 16
			},
			"attrs": [],
			"properties": {
				"order": 22,
				"prevSize": 16,
				"ligatures": "checkmark2, tick2",
				"name": "checkmark2",
				"id": 274,
				"code": 59712
			},
			"setIdx": 0,
			"setId": 0,
			"iconIdx": 273
		},
		{
			"icon": {
				"paths": [
					"M877.254 786.746l-530.744-530.746h229.49c35.346 0 64-28.654 64-64s-28.654-64-64-64h-384c-25.886 0-49.222 15.592-59.128 39.508-3.282 7.924-4.84 16.242-4.838 24.492h-0.034v384c0 35.346 28.654 64 64 64s64-28.654 64-64v-229.49l530.746 530.744c12.496 12.498 28.876 18.746 45.254 18.746s32.758-6.248 45.254-18.746c24.994-24.992 24.994-65.516 0-90.508z"
				],
				"attrs": [],
				"isMulticolor": false,
				"tags": [
					"arrow-up-left",
					"up-left",
					"arrow-top-left"
				],
				"grid": 16
			},
			"attrs": [],
			"properties": {
				"order": 17,
				"prevSize": 16,
				"ligatures": "arrow-up-left2, up-left2",
				"name": "arrow-up-left2",
				"id": 314,
				"code": 59713
			},
			"setIdx": 0,
			"setId": 0,
			"iconIdx": 313
		},
		{
			"icon": {
				"paths": [
					"M877.254 402.746l-320-320c-24.992-24.994-65.514-24.994-90.508 0l-320 320c-24.994 24.994-24.994 65.516 0 90.51 24.994 24.996 65.516 24.996 90.51 0l210.744-210.746v613.49c0 35.346 28.654 64 64 64s64-28.654 64-64v-613.49l210.746 210.746c12.496 12.496 28.876 18.744 45.254 18.744s32.758-6.248 45.254-18.746c24.994-24.994 24.994-65.514 0-90.508z"
				],
				"attrs": [],
				"isMulticolor": false,
				"tags": [
					"arrow-up",
					"up",
					"upload",
					"top"
				],
				"grid": 16
			},
			"attrs": [],
			"properties": {
				"order": 16,
				"prevSize": 16,
				"ligatures": "arrow-up2, up2",
				"name": "arrow-up2",
				"id": 315,
				"code": 59714
			},
			"setIdx": 0,
			"setId": 0,
			"iconIdx": 314
		},
		{
			"icon": {
				"paths": [
					"M237.254 877.254l530.746-530.744v229.49c0 35.346 28.654 64 64 64s64-28.654 64-64v-384c0-25.884-15.594-49.222-39.508-59.126-7.924-3.284-16.242-4.84-24.492-4.838v-0.036h-384c-35.346 0-64 28.654-64 64 0 35.348 28.654 64 64 64h229.49l-530.744 530.746c-12.498 12.496-18.746 28.876-18.746 45.254s6.248 32.758 18.746 45.254c24.992 24.994 65.516 24.994 90.508 0z"
				],
				"attrs": [],
				"isMulticolor": false,
				"tags": [
					"arrow-up-right",
					"up-right",
					"arrow-top-right"
				],
				"grid": 16
			},
			"attrs": [],
			"properties": {
				"order": 15,
				"prevSize": 16,
				"ligatures": "arrow-up-right2, up-right2",
				"name": "arrow-up-right2",
				"id": 316,
				"code": 59715
			},
			"setIdx": 0,
			"setId": 0,
			"iconIdx": 315
		},
		{
			"icon": {
				"paths": [
					"M621.254 877.254l320-320c24.994-24.992 24.994-65.516 0-90.51l-320-320c-24.994-24.992-65.516-24.992-90.51 0-24.994 24.994-24.994 65.516 0 90.51l210.746 210.746h-613.49c-35.346 0-64 28.654-64 64s28.654 64 64 64h613.49l-210.746 210.746c-12.496 12.496-18.744 28.876-18.744 45.254s6.248 32.758 18.744 45.254c24.994 24.994 65.516 24.994 90.51 0z"
				],
				"attrs": [],
				"isMulticolor": false,
				"tags": [
					"arrow-right",
					"right",
					"next"
				],
				"grid": 16
			},
			"attrs": [],
			"properties": {
				"order": 14,
				"prevSize": 16,
				"ligatures": "arrow-right2, right4",
				"name": "arrow-right2",
				"id": 317,
				"code": 59716
			},
			"setIdx": 0,
			"setId": 0,
			"iconIdx": 316
		},
		{
			"icon": {
				"paths": [
					"M146.746 237.254l530.742 530.746h-229.488c-35.346 0-64 28.654-64 64s28.654 64 64 64h384c25.884 0 49.222-15.594 59.126-39.508 3.284-7.924 4.84-16.242 4.838-24.492h0.036v-384c0-35.346-28.654-64-64-64-35.348 0-64 28.654-64 64v229.49l-530.746-530.744c-12.496-12.498-28.874-18.746-45.254-18.746s-32.758 6.248-45.254 18.746c-24.994 24.992-24.994 65.516 0 90.508z"
				],
				"attrs": [],
				"isMulticolor": false,
				"tags": [
					"arrow-down-right",
					"down-right",
					"arrow-bottom-right"
				],
				"grid": 16
			},
			"attrs": [],
			"properties": {
				"order": 13,
				"prevSize": 16,
				"ligatures": "arrow-down-right2, down-right2",
				"name": "arrow-down-right2",
				"id": 318,
				"code": 59717
			},
			"setIdx": 0,
			"setId": 0,
			"iconIdx": 317
		},
		{
			"icon": {
				"paths": [
					"M877.254 621.254l-320 320c-24.992 24.994-65.514 24.994-90.508 0l-320-320c-24.994-24.994-24.994-65.516 0-90.51 24.994-24.996 65.516-24.996 90.51 0l210.744 210.746v-613.49c0-35.346 28.654-64 64-64s64 28.654 64 64v613.49l210.746-210.746c12.496-12.496 28.876-18.744 45.254-18.744s32.758 6.248 45.254 18.746c24.994 24.994 24.994 65.514 0 90.508z"
				],
				"attrs": [],
				"isMulticolor": false,
				"tags": [
					"arrow-down",
					"down",
					"download",
					"bottom"
				],
				"grid": 16
			},
			"attrs": [],
			"properties": {
				"order": 12,
				"prevSize": 16,
				"ligatures": "arrow-down2, down2",
				"name": "arrow-down2",
				"id": 319,
				"code": 59718
			},
			"setIdx": 0,
			"setId": 0,
			"iconIdx": 318
		},
		{
			"icon": {
				"paths": [
					"M786.744 146.744l-530.744 530.744v-229.49c0-35.346-28.654-64-64-64s-64 28.654-64 64v384.002c0 25.886 15.592 49.222 39.508 59.128 7.924 3.282 16.242 4.84 24.492 4.836v0.036l384-0.002c35.344 0 64-28.654 64-63.998 0-35.348-28.656-64-64-64h-229.49l530.744-530.746c12.496-12.496 18.746-28.876 18.746-45.256 0-16.376-6.25-32.758-18.746-45.254-24.992-24.992-65.518-24.992-90.51 0v0z"
				],
				"attrs": [],
				"isMulticolor": false,
				"tags": [
					"arrow-down-left",
					"down-left",
					"arrow-bottom-left"
				],
				"grid": 16
			},
			"attrs": [],
			"properties": {
				"order": 11,
				"prevSize": 16,
				"ligatures": "arrow-down-left2, down-left2",
				"name": "arrow-down-left2",
				"id": 320,
				"code": 59719
			},
			"setIdx": 0,
			"setId": 0,
			"iconIdx": 319
		},
		{
			"icon": {
				"paths": [
					"M402.746 877.254l-320-320c-24.994-24.992-24.994-65.516 0-90.51l320-320c24.994-24.992 65.516-24.992 90.51 0 24.994 24.994 24.994 65.516 0 90.51l-210.746 210.746h613.49c35.346 0 64 28.654 64 64s-28.654 64-64 64h-613.49l210.746 210.746c12.496 12.496 18.744 28.876 18.744 45.254s-6.248 32.758-18.744 45.254c-24.994 24.994-65.516 24.994-90.51 0z"
				],
				"attrs": [],
				"isMulticolor": false,
				"tags": [
					"arrow-left",
					"left",
					"previous"
				],
				"grid": 16
			},
			"attrs": [],
			"properties": {
				"order": 10,
				"prevSize": 16,
				"ligatures": "arrow-left2, left4",
				"name": "arrow-left2",
				"id": 321,
				"code": 59720
			},
			"setIdx": 0,
			"setId": 0,
			"iconIdx": 320
		},
		{
			"icon": {
				"paths": [
					"M0 512c0 282.77 229.23 512 512 512s512-229.23 512-512-229.23-512-512-512-512 229.23-512 512zM928 512c0 229.75-186.25 416-416 416s-416-186.25-416-416 186.25-416 416-416 416 186.25 416 416z",
					"M706.744 669.256l90.512-90.512-285.256-285.254-285.254 285.256 90.508 90.508 194.746-194.744z"
				],
				"attrs": [],
				"isMulticolor": false,
				"tags": [
					"circle-up",
					"up",
					"circle-top",
					"arrow"
				],
				"grid": 16
			},
			"attrs": [],
			"properties": {
				"order": 9,
				"prevSize": 16,
				"ligatures": "circle-up, up3",
				"name": "circle-up",
				"id": 322,
				"code": 59721
			},
			"setIdx": 0,
			"setId": 0,
			"iconIdx": 321
		},
		{
			"icon": {
				"paths": [
					"M512 0c-282.77 0-512 229.23-512 512s229.23 512 512 512 512-229.23 512-512-229.23-512-512-512zM512 928c-229.75 0-416-186.25-416-416s186.25-416 416-416 416 186.25 416 416-186.25 416-416 416z",
					"M354.744 706.744l90.512 90.512 285.254-285.256-285.256-285.254-90.508 90.508 194.744 194.746z"
				],
				"attrs": [],
				"isMulticolor": false,
				"tags": [
					"circle-right",
					"right",
					"circle-next",
					"arrow"
				],
				"grid": 16
			},
			"attrs": [],
			"properties": {
				"order": 8,
				"prevSize": 16,
				"ligatures": "circle-right, right5",
				"name": "circle-right",
				"id": 323,
				"code": 59722
			},
			"setIdx": 0,
			"setId": 0,
			"iconIdx": 322
		},
		{
			"icon": {
				"paths": [
					"M1024 512c0-282.77-229.23-512-512-512s-512 229.23-512 512 229.23 512 512 512 512-229.23 512-512zM96 512c0-229.75 186.25-416 416-416s416 186.25 416 416-186.25 416-416 416-416-186.25-416-416z",
					"M317.256 354.744l-90.512 90.512 285.256 285.254 285.254-285.256-90.508-90.508-194.746 194.744z"
				],
				"attrs": [],
				"isMulticolor": false,
				"tags": [
					"circle-down",
					"down",
					"circle-bottom",
					"arrow"
				],
				"grid": 16
			},
			"attrs": [],
			"properties": {
				"order": 7,
				"prevSize": 16,
				"ligatures": "circle-down, down3",
				"name": "circle-down",
				"id": 324,
				"code": 59723
			},
			"setIdx": 0,
			"setId": 0,
			"iconIdx": 323
		},
		{
			"icon": {
				"paths": [
					"M512 1024c282.77 0 512-229.23 512-512s-229.23-512-512-512-512 229.23-512 512 229.23 512 512 512zM512 96c229.75 0 416 186.25 416 416s-186.25 416-416 416-416-186.25-416-416 186.25-416 416-416z",
					"M669.256 317.256l-90.512-90.512-285.254 285.256 285.256 285.254 90.508-90.508-194.744-194.746z"
				],
				"attrs": [],
				"isMulticolor": false,
				"tags": [
					"circle-left",
					"left",
					"circle-previous",
					"arrow"
				],
				"grid": 16
			},
			"attrs": [],
			"properties": {
				"order": 6,
				"prevSize": 16,
				"ligatures": "circle-left, left5",
				"name": "circle-left",
				"id": 325,
				"code": 59724
			},
			"setIdx": 0,
			"setId": 0,
			"iconIdx": 324
		},
		{
			"icon": {
				"paths": [
					"M320 768v-768h-128v768h-160l224 224 224-224h-160z",
					"M928 1024h-256c-11.8 0-22.644-6.496-28.214-16.9-5.566-10.404-4.958-23.030 1.59-32.85l222.832-334.25h-196.208c-17.672 0-32-14.328-32-32s14.328-32 32-32h256c11.8 0 22.644 6.496 28.214 16.9 5.566 10.404 4.958 23.030-1.59 32.85l-222.83 334.25h196.206c17.672 0 32 14.328 32 32s-14.328 32-32 32z",
					"M1020.622 401.686l-192.002-384c-5.42-10.842-16.502-17.69-28.622-17.69-12.122 0-23.202 6.848-28.624 17.69l-191.996 384c-7.904 15.806-1.496 35.030 14.31 42.932 4.594 2.296 9.476 3.386 14.288 3.386 11.736 0 23.040-6.484 28.644-17.698l55.156-110.31h216.446l55.156 110.31c7.902 15.806 27.124 22.21 42.932 14.31 15.808-7.902 22.216-27.124 14.312-42.93zM723.778 255.996l76.22-152.446 76.224 152.446h-152.444z"
				],
				"attrs": [],
				"isMulticolor": false,
				"tags": [
					"sort-alpha-asc",
					"arrange",
					"alphabetic"
				],
				"grid": 16
			},
			"attrs": [],
			"properties": {
				"order": 86,
				"prevSize": 16,
				"ligatures": "sort-alpha-asc, arrange",
				"name": "sort-alpha-asc",
				"id": 329,
				"code": 59725
			},
			"setIdx": 0,
			"setId": 0,
			"iconIdx": 328
		},
		{
			"icon": {
				"paths": [
					"M320 768v-768h-128v768h-160l224 224 224-224h-160z",
					"M928 448h-256c-11.8 0-22.644-6.496-28.214-16.9-5.566-10.406-4.958-23.030 1.59-32.85l222.832-334.25h-196.208c-17.672 0-32-14.328-32-32s14.328-32 32-32h256c11.8 0 22.644 6.496 28.214 16.9 5.566 10.406 4.958 23.030-1.59 32.85l-222.83 334.25h196.206c17.672 0 32 14.328 32 32s-14.328 32-32 32z",
					"M1020.622 977.69l-192.002-384c-5.42-10.842-16.502-17.69-28.622-17.69-12.122 0-23.202 6.848-28.624 17.69l-191.996 384c-7.904 15.806-1.496 35.030 14.31 42.932 4.594 2.296 9.476 3.386 14.288 3.386 11.736 0 23.040-6.484 28.644-17.698l55.158-110.31h216.446l55.156 110.31c7.902 15.806 27.124 22.21 42.932 14.31 15.806-7.902 22.214-27.124 14.31-42.93zM723.778 832l76.22-152.446 76.226 152.446h-152.446z"
				],
				"attrs": [],
				"isMulticolor": false,
				"tags": [
					"sort-alpha-desc",
					"arrange",
					"alphabetic"
				],
				"grid": 16
			},
			"attrs": [],
			"properties": {
				"order": 87,
				"prevSize": 16,
				"ligatures": "sort-alpha-desc, arrange2",
				"name": "sort-alpha-desc",
				"id": 330,
				"code": 59726
			},
			"setIdx": 0,
			"setId": 0,
			"iconIdx": 329
		},
		{
			"icon": {
				"paths": [
					"M320 768v-768h-128v768h-160l224 224 224-224h-160z",
					"M864 448c-17.674 0-32-14.328-32-32v-352h-32c-17.674 0-32-14.328-32-32s14.326-32 32-32h64c17.674 0 32 14.328 32 32v384c0 17.672-14.326 32-32 32z",
					"M928 576h-192c-17.674 0-32 14.326-32 32v192c0 17.674 14.326 32 32 32h160v128h-160c-17.674 0-32 14.326-32 32s14.326 32 32 32h192c17.674 0 32-14.326 32-32v-384c0-17.674-14.326-32-32-32zM768 640h128v128h-128v-128z"
				],
				"attrs": [],
				"isMulticolor": false,
				"tags": [
					"sort-numeric-asc",
					"arrange"
				],
				"grid": 16
			},
			"attrs": [],
			"properties": {
				"order": 88,
				"prevSize": 16,
				"ligatures": "sort-numeric-asc, arrange3",
				"name": "sort-numeric-asc",
				"id": 331,
				"code": 59727
			},
			"setIdx": 0,
			"setId": 0,
			"iconIdx": 330
		},
		{
			"icon": {
				"paths": [
					"M320 768v-768h-128v768h-160l224 224 224-224h-160z",
					"M864 1024c-17.674 0-32-14.328-32-32v-352h-32c-17.674 0-32-14.328-32-32s14.326-32 32-32h64c17.674 0 32 14.328 32 32v384c0 17.672-14.326 32-32 32z",
					"M928 0h-192c-17.674 0-32 14.326-32 32v192c0 17.674 14.326 32 32 32h160v128h-160c-17.674 0-32 14.326-32 32s14.326 32 32 32h192c17.674 0 32-14.326 32-32v-384c0-17.674-14.326-32-32-32zM768 64h128v128h-128v-128z"
				],
				"attrs": [],
				"isMulticolor": false,
				"tags": [
					"sort-numberic-desc",
					"arrange"
				],
				"grid": 16
			},
			"attrs": [],
			"properties": {
				"order": 89,
				"prevSize": 16,
				"ligatures": "sort-numberic-desc, arrange4",
				"name": "sort-numberic-desc",
				"id": 332,
				"code": 59728
			},
			"setIdx": 0,
			"setId": 0,
			"iconIdx": 331
		},
		{
			"icon": {
				"paths": [
					"M896 0h-768c-70.4 0-128 57.6-128 128v768c0 70.4 57.6 128 128 128h768c70.4 0 128-57.6 128-128v-768c0-70.4-57.6-128-128-128zM448 794.51l-237.254-237.256 90.51-90.508 146.744 146.744 306.746-306.746 90.508 90.51-397.254 397.256z"
				],
				"attrs": [],
				"isMulticolor": false,
				"tags": [
					"checkbox-checked",
					"checkbox",
					"tick",
					"checked",
					"selected"
				],
				"grid": 16
			},
			"attrs": [],
			"properties": {
				"order": 1,
				"prevSize": 16,
				"ligatures": "checkbox-checked, checkbox",
				"name": "checkbox-checked",
				"id": 339,
				"code": 59729
			},
			"setIdx": 0,
			"setId": 0,
			"iconIdx": 338
		},
		{
			"icon": {
				"paths": [
					"M896 0h-768c-70.4 0-128 57.6-128 128v768c0 70.4 57.6 128 128 128h768c70.4 0 128-57.6 128-128v-768c0-70.4-57.6-128-128-128zM896 896h-768v-768h768v768z"
				],
				"attrs": [],
				"isMulticolor": false,
				"tags": [
					"checkbox-unchecked",
					"checkbox",
					"unchecked",
					"square"
				],
				"grid": 16
			},
			"attrs": [],
			"properties": {
				"order": 2,
				"prevSize": 16,
				"ligatures": "checkbox-unchecked, checkbox2",
				"name": "checkbox-unchecked",
				"id": 340,
				"code": 59730
			},
			"setIdx": 0,
			"setId": 0,
			"iconIdx": 339
		},
		{
			"icon": {
				"paths": [
					"M512 0c-282.77 0-512 229.23-512 512s229.23 512 512 512 512-229.23 512-512-229.23-512-512-512zM512 896c-212.078 0-384-171.922-384-384s171.922-384 384-384c212.078 0 384 171.922 384 384s-171.922 384-384 384zM320 512c0-106.039 85.961-192 192-192s192 85.961 192 192c0 106.039-85.961 192-192 192s-192-85.961-192-192z"
				],
				"attrs": [],
				"isMulticolor": false,
				"tags": [
					"radio-checked",
					"radio-button"
				],
				"grid": 16
			},
			"attrs": [],
			"properties": {
				"order": 3,
				"prevSize": 16,
				"ligatures": "radio-checked, radio-button",
				"name": "radio-checked",
				"id": 341,
				"code": 59731
			},
			"setIdx": 0,
			"setId": 0,
			"iconIdx": 340
		},
		{
			"icon": {
				"paths": [
					"M512 0c-282.77 0-512 229.23-512 512s229.23 512 512 512 512-229.23 512-512-229.23-512-512-512zM512 640c-70.692 0-128-57.306-128-128 0-70.692 57.308-128 128-128 70.694 0 128 57.308 128 128 0 70.694-57.306 128-128 128z"
				],
				"attrs": [],
				"isMulticolor": false,
				"tags": [
					"radio-checked",
					"radio-button"
				],
				"grid": 16
			},
			"attrs": [],
			"properties": {
				"order": 4,
				"prevSize": 16,
				"ligatures": "radio-checked2, radio-button2",
				"name": "radio-checked2",
				"id": 342,
				"code": 59732
			},
			"setIdx": 0,
			"setId": 0,
			"iconIdx": 341
		},
		{
			"icon": {
				"paths": [
					"M512 0c-282.77 0-512 229.23-512 512s229.23 512 512 512 512-229.23 512-512-229.23-512-512-512zM512 896c-212.078 0-384-171.922-384-384s171.922-384 384-384c212.078 0 384 171.922 384 384s-171.922 384-384 384z"
				],
				"attrs": [],
				"isMulticolor": false,
				"tags": [
					"radio-unchecked",
					"radio-button",
					"circle"
				],
				"grid": 16
			},
			"attrs": [],
			"properties": {
				"order": 5,
				"prevSize": 16,
				"ligatures": "radio-unchecked, radio-button3",
				"name": "radio-unchecked",
				"id": 343,
				"code": 59733
			},
			"setIdx": 0,
			"setId": 0,
			"iconIdx": 342
		},
		{
			"icon": {
				"paths": [
					"M864 704c-45.16 0-85.92 18.738-115.012 48.83l-431.004-215.502c1.314-8.252 2.016-16.706 2.016-25.328s-0.702-17.076-2.016-25.326l431.004-215.502c29.092 30.090 69.852 48.828 115.012 48.828 88.366 0 160-71.634 160-160s-71.634-160-160-160-160 71.634-160 160c0 8.622 0.704 17.076 2.016 25.326l-431.004 215.504c-29.092-30.090-69.852-48.83-115.012-48.83-88.366 0-160 71.636-160 160 0 88.368 71.634 160 160 160 45.16 0 85.92-18.738 115.012-48.828l431.004 215.502c-1.312 8.25-2.016 16.704-2.016 25.326 0 88.368 71.634 160 160 160s160-71.632 160-160c0-88.364-71.634-160-160-160z"
				],
				"attrs": [],
				"isMulticolor": false,
				"tags": [
					"share",
					"social"
				],
				"grid": 16
			},
			"attrs": [],
			"properties": {
				"order": 90,
				"prevSize": 16,
				"ligatures": "share2, social",
				"name": "share2",
				"id": 387,
				"code": 59734
			},
			"setIdx": 0,
			"setId": 0,
			"iconIdx": 386
		}
	],
	"height": 1024,
	"metadata": {
		"name": "icomoon"
	},
	"preferences": {
		"showGlyphs": true,
		"showQuickUse": true,
		"showQuickUse2": true,
		"showSVGs": true,
		"fontPref": {
			"prefix": "icon-",
			"metadata": {
				"fontFamily": "icomoon"
			},
			"metrics": {
				"emSize": 1024,
				"baseline": 6.25,
				"whitespace": 50
			},
			"embed": false
		},
		"imagePref": {
			"prefix": "icon-",
			"png": true,
			"useClassSelector": true,
			"color": 0,
			"bgColor": 16777215,
			"classSelector": ".icon"
		},
		"historySize": 100,
		"showCodes": true,
		"gridSize": 16
	}
}